,success,,广西山口红树林保护区,,
,success,,福建闽江河口湿地,,
,success,,四川九龙山自然保护区管理处,,
,success,,四川马边大风顶自然保护区,,
,success,,鞍子河保护地,,
,success,,纳板河流域国家级自然保护区,,
,success,,四川美姑大风顶自然保护区,,
,success,,宁夏沙坡头自然保护区,,
,success,,四面山自然保护区,,
,success,,攀枝花苏铁自然保护区,,
,success,,弄岗保护区,,
,success,,四川唐家河国家级自然保护区,,
,success,,挠力河湿地自然保护区,,
,success,,湖南张家界大鲵国家级自然保护区,,
,success,,山西桑干河省级自然保护区管理局,,
,success,,云南会泽黑颈鹤国家级自然保护区,,
,success,,大佳河自然保护区,,
,success,,广西大明山,,
,success,,七星河国家级自然保护区,,
,success,,锡林郭勒草原国家级自然保护区,,
,success,,广西合浦儒艮保护区,,
,success,,天山天池之窗,,
,success,,无量山自然保护区,,
,success,,宜昌中华鲟保护区,,
,success,,丰林国家级自然保护区林业公安局,,