lysbhq,success,oIWsFt5arTp4-ulJD-JVbZl8pA4c,梁野山保护区,梁野山保护区,
nxbtmbhq,success,oIWsFt45lw6ydunoNcq0vQWBipd0,内乡宝天曼保护区,内乡宝天曼保护区,
jllwbhj,success,oIWsFt8WLz6PsKG_wsnRiOVjKczw,吉林龙湾保护区,吉林龙湾保护区管理局,
ltdz43985800,success,oIWsFt-CqERQLVUQSBceDzY9EwU0,老秃顶子保护区,,
tmjbhq,success,oIWsFt5nrQSeHBWJLrv-ZLOcIJz8,图牧吉保护区,图牧吉保护区旅游,
gh_a2977e4ef1f6,success,oIWsFt4GAlufWOUqYS1U8W2t_Qig,公别拉河保护区,公别拉河保护区,
wanglang1965,success,oIWsFt9-pDi3jgKaOo0y0b9PNYYU,王朗自然保护区,王朗自然保护区,
zjkhgts,success,oIWsFt0KyckyJpeCfcPIP6QrbLT8,古田山自然保护区,古田山自然保护区,
changqingpanda,success,oIWsFt_qx7BgYwBmNOAAUbqes0DM,长青自然保护区,长青自然保护区,
nanling_nature,success,oIWsFt-oxd9o6vwPQsfsIDOYv5nk,南岭自然保护区,南岭自然保护区,
sxtaibaishan,success,oIWsFt6FaMIW2VgMJxGpmRMBbHSM,太白山自然保护区,太白山自然保护区,
gh_652d0a58d0c4,success,oIWsFt3PvmG8y2oVceUJUCA9i-q0,昆嵛山自然保护区,昆嵛山自然保护区,
hulunhunr,success,oIWsFtwG8WK1o3cFc0vSIqYoKCgk,呼伦湖国家级自然保护区,呼伦湖国家级自然保护区,
ssbhq123,success,oIWsFt40hV0M2-T3sa-P287DJg7U,胜山国家级自然保护区,胜山国家级自然保护区,
SaiHanWuLaBaoHuQu,success,oIWsFt33MFoscWd3SM51E4QMttU8,赛罕乌拉国家级自然保护区,赛罕乌拉国家级自然保护区,
hhkbhq,success,oIWsFt-8QFMbjn-NXIK_WsO_DFaU,黄河三角洲自然保护区,黄河三角洲自然保护区,
fjdysbhq,success,oIWsFt13GXCsuexlapyqal6HMFaA,福建戴云山国家级自然保护区,福建戴云山国家级自然保护区,
chinaibis,success,oIWsFt0QPOVLc2Zkb3ZnFrSWWl7Q,陕西朱鹮自然保护区,陕西朱鹮自然保护区,
sd-kysbhq,success,oIWsFt_PBVth3JwwldVpLXoJO0ZI,山东昆嵛山国家级自然保护区,山东昆嵛山国家级自然保护区,
hmzrbhq,success,oIWsFtxTR07w-BMaus7qz2i4DpQU,汗马自然保护区,汗马自然保护区,
jiulongchuan-dingyue,success,oIWsFtytv9jRnp5gfhw05Uxvth3E,九龙川自然保护区,九龙川自然保护区,
gsyhbhq,success,oIWsFt2NznMExW3zK2uPB1jZhOYU,甘肃裕河自然保护区,甘肃裕河自然保护区,
gs-bsj,success,oIWsFt0jMGKS9NtdRbArDNWWgdoA,甘肃白水江国家级自然保护区,甘肃白水江国家级自然保护区,
baohuqu3022338,success,oIWsFt257zKfGQS3mGjAo22Wb5B4,火石寨保护区,火石寨保护区,
dfmlbhq,success,oIWsFtx3Dp29xnPETzIb2hMSTfpM,江苏大丰麋鹿保护区,江苏大丰麋鹿保护区,
pinganbaohuqu,success,oIWsFt2O9rM5_2rVrLZfj-cbkdC8,平安保护区,平安保护区,
baotounanhaishidi,success,oIWsFt_W0NOC5AaYVyIfERxHbRX8,包头南海湿地保护区,包头南海湿地保护区,
maolansanchahe,success,oIWsFt3WthOiWbE0CL107QbPxYAI,茂兰保护区三岔河,茂兰保护区三岔河,
kerqinbhq,success,oIWsFt-j2vXPsXaUs9md1k652aJc,美丽的科尔沁保护区,美丽的科尔沁保护区,
ycnmlbhq,success,oIWsFtzkz_YJzcEeVtsCnqh-rtsc,永春牛姆林保护区,永春牛姆林保护区,
ZL5904068,success,oIWsFt2nQ5Qg1ZmDs2v0DSzFHlLY,扎龙自然保护区,扎龙自然保护区,
Qinghailakewetland,success,oIWsFt4jYbRVrQKnHIGVgniyrOAM,青海湖国家级自然保护区,青海湖国家级自然保护区,
lszrbhqglj,success,oIWsFt2ZhrnR80Eb0BV04w8lP-Ko,闾山自然保护区,闾山自然保护区,
wyszrbhq,success,oIWsFt56EqlN_PRMJQmBo1ZFzk10,武夷山自然保护区,武夷山自然保护区,
snjbhq07193452303,success,oIWsFt_2Q3T6NUxW_86qR4wCYRUc,神农架自然保护区,神农架自然保护区,
gh_3f539142bf37,success,oIWsFt74Xp2g1Jh9nRF2wyvRa4F0,贡嘎山自然保护区,贡嘎山自然保护区,
kashan--001,success,oIWsFt65ja6uAfOJQVVtSNMfYsHQ,卡山自然保护区,,
oldcreek,success,oIWsFt52eazBYETIMAZuFOBTa6yI,老河沟自然保护区,老河沟自然保护区,
bslzbhq,success,oIWsFt5gSNjqJ3QFETw453IuhcrE,白石砬子自然保护区,,
gh_c84a7d3a8818,success,oIWsFt_9Za8kO-l4P1UiNcWtgUh4,毕拉河自然保护区,,
tczrbhq,success,oIWsFt06wCLbmHuaKusJZwPub3G4,天池自然保护区,,
bandongnr,success,oIWsFt7wyINUXffisqoY3Fw8dAio,连南板洞自然保护区,连南板洞自然保护区,
lxhkbhq,success,oIWsFt9je9z4aZ70c_LDFb29WwRw,龙溪虹口自然保护区,,
scxbdnr,success,oIWsFtw9pZV67cWQ4tvm7R4ZqMvw,雪宝顶自然保护区,雪宝顶自然保护区,
ghzcbhq,success,oIWsFtxbFqL_bayxTqjWcrfkGUtU,尕海则岔自然保护区,,
smxhs123,success,oIWsFtzPzN_DPY9xE1eBEqFjKSqw,三门峡黄河湿地保护区,三门峡黄河湿地保护区,
keqbhqpolice,success,oIWsFt3ybpnLKJNyaERH1y6TEtcQ,科尔沁保护区森林公安局,科尔沁保护区森林公安局,
gh_f355e0bac6c0,success,oIWsFt80UEyt2RXqOz4nM1P754iI,罗坑保护区,罗坑保护区,
gh_af8d5d2a2913,success,oIWsFtyOP90oUiZwUCBFV8RMbx6g,辉河保护区,辉河保护区,
gh_1f262a7d2145,success,oIWsFt28zHgbqLThkWvs212dfUcA,七姊妹山保护区,七姊妹山保护区,
xts0752,success,oIWsFt9LX82QmrcxYXBY1sWsQEBg,象头山保护区,象头山保护区,
bzbkdd,success,oIWsFtwxKI4dnrcWFZE5jCwPu97M,滨州贝壳堤岛保护区,滨州贝壳堤岛保护区管理局,
hjqzrbhqglj,success,oIWsFtwB1FfTcF_5A8sHjIktXAhQ,杭锦旗自然保护区,杭锦旗自然保护区,
henandongzhai,success,oIWsFt9WXUW8AYgn63Hmgs1fClCY,河南董寨国家级自然保护区,河南董寨国家级自然保护区,
gh_b9f693191eca,success,oIWsFt1zAYdlNzuFKKcNLG5DxVMA,北京百花山国家级自然保护区,,
Hupingshannature,success,oIWsFt8_iKtjYouo2t1WcO0gmmZ4,湖南壶瓶山国家级自然保护区,湖南壶瓶山国家级自然保护区,
gh_01d4755d3474,success,oIWsFt8uu2ULSuSG8uHRbrJ_AZ4Y,青海省祁连山自然保护区,青海省祁连山自然保护区,
scwjzrbhq1993,success,oIWsFt5QN_eEDSLlfnYFqePb1wbY,勿角大熊猫自然保护区,勿角大熊猫自然保护区,
gh_e6042b62a1f3,success,oIWsFt_Vdv118jMJU2U0khJumuZc,永德大雪山国家级自然保护区,永德大雪山国家级自然保护区,
gh_d3fb4d1dbbf4,success,oIWsFt8ZLakAi-moD0BKAI0upkfo,甘肃多儿自然保护区,甘肃多儿自然保护区,
gh_fb425b4456a2,success,oIWsFt8oG3wCu6U7VDNuTzGzijvk,云南乌蒙山国家级自然保护区,云南乌蒙山国家级自然保护区,
gh_29f16cfe949f,success,oIWsFt7HW-6sRwXCU2uQwjoi7kZM,山西涑水河自然保护区,山西涑水河自然保护区,
yntbgpnr,success,oIWsFtz6WnADcBcxaS8Ro0I5iwYE,铜壁关自然保护区,铜壁关自然保护区,
ynyltczrbhq,success,oIWsFt1Tog-NirtpDpowM_BiKMFM,云南云龙天池自然保护区,云南云龙天池自然保护区,
qlsslga,success,oIWsFtyUJq4vvsEIi6gFk0hr7Wm0,祁连山自然保护区森林公安局,祁连山自然保护区森林公安局,
gh_bbce55e562d3,success,oIWsFt_F3MpdjIvriZU8OeMqJIto,广东石门台自然保护区,,
gh_47e6d4bd1a66,success,oIWsFt3_yaTDtkTezFQwWU9bnxaI,赤水桫椤自然保护区,,
gh_ba229c285a54,success,oIWsFt0DM9a4LF7JTQUCsplkyPgA,贵州梵净山国家级自然保护区,贵州梵净山国家级自然保护区,
CBLZRBHQ,success,oIWsFt4Ux-7EGnKL-dhicb1FK8aI,车八岭自然保护区,,
gh_d40089946400,success,oIWsFtwiOXzO3pQ3x96VqpQ0kfQs,珲春东北虎保护局,珲春东北虎保护局,
tpgzrbhq,success,oIWsFt6sh5GjTJqnQ9CJ8OIx5woc,太平沟自然保护区,太平沟自然保护区,
jiu-zhai-gou,success,oIWsFt26De40F5pyvZM-UYx9jJAs,九寨沟,九寨沟,
huanglongjq,success,oIWsFt43CX7gdRzhUHfT6BZB8EGE,黄龙,黄龙,
gh_0e729e244288,success,oIWsFt8W90Rgw0Wml254tMJimfcs,广东恩平七星坑保护区,广东恩平七星坑保护区,
gh_208aa7fed7ba,success,oIWsFtzjViPc6qC9xoZs9kJUzn_I,东方红保护区管护站在线,东方红保护区管护站在线,
hubeiqinglongshan,success,oIWsFt1UPEVylEjUgQW04wqDy44A,湖北青龙山恐龙蛋化石群保护区,湖北青龙山恐龙蛋化石群保护区,
gh_45313997dbcb,success,oIWsFtyPXZ09JtWJ5CEEiMtBTExo,鄂托克恐龙遗迹化石自然保护区,,
gxdgsexbhq,success,oIWsFt_eDn_DSW4cqozggAf9lYag,广西大桂山鳄蜥国家级自然保护区,广西大桂山鳄蜥国家级自然保护区,
lsgjjzrbhq,success,oIWsFt8U9y-nModTc2whL9HoRa0g,江西庐山国家级自然保护区管理局,江西庐山国家级自然保护区管理局,
gh_fc302289b57d,success,oIWsFt3aJ9lEwD_PSBBXPBrMB7CE,毛乌素沙地柏自然保护区管理局,,
baiyinaobao,success,oIWsFt6SbO_p5tVJXuJaly4HnCqU,白音敖包沙地云杉自然保护区,白音敖包沙地云杉自然保护区,
gzsfds,success,oIWsFtw8yQopMHgchZpL9kT3znJw,贵州佛顶山自然保护区,,
wudantala,success,oIWsFtzyuPLiHwjDqHMC7tZnaBlo,内蒙古乌旦塔拉自然保护区,,
sandaokengbaohuqu,success,oIWsFtwn9DLxFXxwODIh9XBzprXM,三道坑省级自然保护区管理,,
Ychytzrbhq,success,oIWsFty0Yt5VYV9qscQTtr69Xf2Q,黑龙江伊春河源头省级自然保护区,,
dhxh2005,success,oIWsFt_ykl0GH1aHvs7L1j30c4MA,甘肃敦煌西湖国家级自然保护区,甘肃敦煌西湖国家级自然保护区,
gh_2099295b38aa,success,oIWsFt6K1oo52lDiG-sJxPqKhF2k,麻阳河自然保护区管理局,麻阳河自然保护区管理局,
scftzgjjzrbhq,success,oIWsFt2lWui45CoDPHCxDnn3mp4U,四川蜂桶寨国家级自然保护区,四川蜂桶寨国家级自然保护区,
jyqmlgghzx001,success,oIWsFt2G0-6kc9s8s274rPPl371U,九原区梅力更自然保护区管护中心,九原区梅力更自然保护区管护中心,
dbke2014,success,oIWsFt1mQ-ZUr-zLa1BlsPVbhzRg,黑龙江多布库尔国家级自然保护区,黑龙江多布库尔国家级自然保护区,
gh_eeb56a753a15,success,oIWsFtxCCdj2sWKPgxEjBGzsZYvk,中国山西太宽河自然保护区,中国山西太宽河自然保护区,
ziranbaohuju_006,success,oIWsFt9AlvWl2CLmOImaBkHyAh1g,西双版纳国家级自然保护区管护局,西双版纳国家级自然保护区管护局,
nxhbh751500,success,oIWsFtxsWp-_WDdavh2bEVUc3bVQ,宁夏哈巴湖国家级自然保护区,宁夏哈巴湖国家级自然保护区,
jzfbhq,success,oIWsFtwIVnEEW9pOr96ytjs52JFQ,福建君子峰国家级自然保护区,福建君子峰国家级自然保护区,
GS-TTKTS,success,oIWsFt1EGMa8rXiE6Ry0bckWWFEk,太统崆峒山国家级自然保护区,太统崆峒山国家级自然保护区,
GZmaolan,success,oIWsFt2KYhhs_mZfZhrTDmV_nlPE,贵州茂兰国家级自然保护区,贵州茂兰国家级自然保护区,
gh_d72966431122,success,oIWsFt3Z-b4tNFzKNCkwPNSEbLqI,安徽古井园国家级自然保护区,安徽古井园国家级自然保护区,
axjhhm,success,oIWsFt48hWczVfuL3aFF4FUUa2-I,甘肃安西极旱荒漠自然保护区,甘肃安西极旱荒漠自然保护区,
smzbhz,success,oIWsFtz6pjriVc8xU0VlXcwO0MW8,周至自然保护区双庙子保护站,周至自然保护区双庙子保护站,
xwjbhz,success,oIWsFtxH1RbnZJ0vWK7dYyap4U34,周至自然保护区小王涧保护站,周至自然保护区小王涧保护站,
gh_7eaf8ef601a3,success,oIWsFt9mMojaxdKjbp2YHMCfsFFw,盐池湾自然保护区,,
gh_5278c8ead8b5,success,oIWsFt8-zno8VRJUJl_LFUQVM6Ss,绥中五花顶省级自然保护区,,
SXSXNSJZRBHQ,success,oIWsFt0DgMwa8FFvTKKYoTckBeo8,山西四县垴省级自然保护区,山西四县垴省级自然保护区,
gh_4afaa99a0529,success,oIWsFt9PU0GKRk-iYX-V1Zzpzp2Q,珠海淇澳担杆岛省级自然保护区,珠海淇澳担杆岛省级自然保护区,
anjiaqi2017,success,oIWsFtzCbiFBu7v1HOroVYWyb6VI,周至自然保护区安家岐保护站,周至自然保护区安家岐保护站,
gh_125fd03b9fba,success,oIWsFt1hDHb7LAwyETSihCiSLJdg,周保局板房子保护站,周保局板房子保护站,
hzzbhz1990,success,oIWsFt15R6Z6AlDnHKtxj5iARZHA,周保局厚畛子保护站,周保局厚畛子保护站,
gh_7a87067b5326,success,oIWsFt3LVZf1tEPYwLctilVssCgo,平武县关坝流域自然保护中心,平武县关坝流域自然保护中心,
gh_b2abe2070103,success,oIWsFtxccmlKlViPAO-ZmYkaBPKs,白头叶猴,白头叶猴,
gh_e55d0cae2d1c,success,oIWsFt4QFTHIECrEdxzTiimct4-Q,花坪银杉,花坪银杉,
zbjbfzslpcs,success,oIWsFt6MfWweq9ijFG9zOjwKIzl0,周保局板房子所,周保局板房子所,
gh_faf80ea94917,success,oIWsFt_c67ePbxkroUDBYETny8Zk,周保局双庙子所,周保局双庙子所,
hcphljcz,success,oIWsFt20vv2EX3BTAgmkELVwHjQw,周保局黄草坡护林检查站,周保局黄草坡护林检查站,
wdlc2292625914,success,oIWsFt6bGiGS2GK73Oyzm-Xbfg9w,五大连池,五大连池,
xiumeinanyue,success,oIWsFt-9IlSePe8CQKHc1rrRJyTg,秀美南岳,秀美南岳,
pwzrbhq,success,oIWsFt6aOgbwTbvxe6s2-w_f8BWE,蒲洼自然保护区,双琼,
gh_7d794737f4bf,success,oIWsFt6J5BkBI5VNKHkJvZ7ayLBI,中国南麂,中国南麂,
dian-jin-si-hou,success,oIWsFtwPvAd3EOzdRPNfmCucgIpc,白马雪山滇金丝猴,白马雪山滇金丝猴,
jgwlyj,success,oIWsFtwwQkBUf2gAqPvCgjFXOABQ,镜泊湖,,
xlsjtx66,success,oIWsFt1UtPy5D_hoPrNagqkExGR0,兴隆山,兴隆山旅游,
gh_a34aea571c35,success,oIWsFt0nKX_n69d8scagrHIOXG_4,广东河源新港省级自然保护区,,
jlmomoge,success,oIWsFt3pfuBYbpvUdM0YUym57NEs,莫莫格生态旅游景区,莫莫格生态旅游景区,
djylvying,success,oIWsFt74cfur2Z31PEmm6qFYQwEs,绿映都江堰,绿映都江堰,
zhongguonilin,success,oIWsFtxxPDNVyRXK3Ajy3x7nNPSg,乾安泥林,乾安泥林,
micangshan123,success,oIWsFt8vJIWbU2aUG3Bqs4ZMAErM,米仓山,米仓山,
gh_4f84d1395f47,success,oIWsFt6NzRty7xafaajBmclevJxY,达里诺尔,,
gh_d970989deead,success,oIWsFt_7nVQ0_K_Zgi76Q4VoBkH8,盐城珍禽自然保护区,,
ltdz43985800,success,oIWsFt-CqERQLVUQSBceDzY9EwU0,老秃顶子保护区,,
shwhdgsl,success,oIWsFt3LgBxifsgcqyzpG8w37ICc,福建深泸湾海底股森林保护区,福建深沪湾海底古森林保护区,
yading01,success,oIWsFt5gvnEci07bbqNoGH3ug30Y,稻城亚丁景区,稻城亚丁景区,
gh_656d26580c1e,success,oIWsFt4grl-zJ09oP0NLoaFSF4aw,魅力白芨滩,魅力白芨滩,
yeyahuwetland,success,oIWsFtweHyIQwOFTlGpl5SE16QSo,北京野鸭湖国家湿地公园,北京野鸭湖国家湿地公园,
chgwh0857,success,oIWsFt66QaFHS_2LxS-DGmDU4wuY,草海湿地,草海湿地,
Gsanbbhq,success,oIWsFtxAertfTgXQ6Cufegfs8uwI,沙漠精灵野骆驼,沙漠精灵野骆驼,
gh_23345290507f,success,oIWsFt2Zcn1nhe-xpg2Ic_zRcIWc,魅力黄龙山,魅力黄龙山,
NJwangdongyang,success,oIWsFt2pc3cNCo6WeeIdWqgWHS8A,畬乡湿地,畲乡湿地,
gh_857ad242cd63,success,oIWsFt7rDOLzSGUEgsghKcDHD61E,湿地甘州,湿地甘州,
gh_7509f4db5888,success,oIWsFt3W5ZUx2SH9Ss26vVEceefU,神奇金童山,神奇金童山,
zjhlswx,success,oIWsFtwDadgI0osBAUG6Ode88SzU,走进贺兰山,走进贺兰山,
gh_7ec92ac0bade,success,oIWsFt_dMx5DPfhIC0TztQluuPUk,浙江乌岩岭,浙江乌岩岭,
ls-5091831,success,oIWsFtxL7B_0SbPxaobwtoeaJJrI,罗山管理局,罗山管理局,
hnddthbhq,success,oIWsFt9UPixoaXnS1OJ6aWauEb_8,湖南东洞庭湖国际重要湿地,湖南东洞庭湖国际重要湿地,
bhsdbh,success,oIWsFt8xFWl6yKvL7i3ozrFUVIV4,天津北大港湿地,天津北大港湿地,
qianhushidi2015,success,oIWsFt8Q46lQAxmXf9S2it4fQBB0,千湖湿地,千湖湿地,
chinese_sturgeon,success,oIWsFt96uqI7qky_hgTfeVuJ5yYA,中华鲟,中华鲟,
scwolong,success,oIWsFtxxmKXnqjqRiVH-OTla_C4E,四川卧龙国家级自然保护区,,
gh_120b226a8519,success,oIWsFt9Tyn7LnwRfe-yWYDLiR5ok,广西桂林海洋山自然保护区,,
